actual_label,model_RF,model_LR
1,0.639816,0.531904
0,0.490993,0.414496
1,0.623815,0.569883
1,0.506616,0.443674
0,0.418302,0.369532
1,0.823815,0.769883
0,0.190993,0.214496
1,0.523815,0.519883
0,0.406616,0.413674
0,0.118302,0.309532
